"species","genus","family"
"Acanthidops_bairdi","Acanthidops","Thraupidae"
"Agelaioides_badius","Agelaioides","Icteridae"
"Agelaius_assimilis","Agelaius","Icteridae"
"Agelaius_humeralis","Agelaius","Icteridae"
"Agelaius_phoeniceus","Agelaius","Icteridae"
"Agelaius_tricolor","Agelaius","Icteridae"
"Agelaius_xanthomus","Agelaius","Icteridae"
"Agelasticus_cyanopus","Agelasticus","Icteridae"
"Agelasticus_thilius","Agelasticus","Icteridae"
"Agelasticus_xanthophthalmus","Agelasticus","Icteridae"
"Aimophila_notosticta","Aimophila","Passerellidae"
"Aimophila_rufescens","Aimophila","Passerellidae"
"Aimophila_ruficeps","Aimophila","Passerellidae"
"Amblycercus_holosericeus","Amblycercus","Icteridae"
"Amblyramphus_holosericeus","Amblyramphus","Icteridae"
"Ammodramus_aurifrons","Ammodramus","Passerellidae"
"Ammodramus_humeralis","Ammodramus","Passerellidae"
"Ammodramus_savannarum","Ammodramus","Passerellidae"
"Ammospiza_caudacuta","Ammospiza","Passerellidae"
"Ammospiza_leconteii","Ammospiza","Passerellidae"
"Ammospiza_maritima","Ammospiza","Passerellidae"
"Ammospiza_nelsoni","Ammospiza","Passerellidae"
"Amphispiza_bilineata","Amphispiza","Passerellidae"
"Amphispiza_quinquestriata","Amphispiza","Passerellidae"
"Anisognathus_igniventris","Anisognathus","Thraupidae"
"Anisognathus_lacrymosus","Anisognathus","Thraupidae"
"Anisognathus_melanogenys","Anisognathus","Thraupidae"
"Anisognathus_notabilis","Anisognathus","Thraupidae"
"Anisognathus_somptuosus","Anisognathus","Thraupidae"
"Anumara_forbesi","Anumara","Icteridae"
"Arremon_abeillei","Arremon","Passerellidae"
"Arremon_assimilis","Arremon","Passerellidae"
"Arremon_atricapillus","Arremon","Passerellidae"
"Arremon_aurantiirostris","Arremon","Passerellidae"
"Arremon_basilicus","Arremon","Passerellidae"
"Arremon_brunneinucha","Arremon","Passerellidae"
"Arremon_castaneiceps","Arremon","Passerellidae"
"Arremon_costaricensis","Arremon","Passerellidae"
"Arremon_crassirostris","Arremon","Passerellidae"
"Arremon_flavirostris","Arremon","Passerellidae"
"Arremon_perijanus","Arremon","Passerellidae"
"Arremon_phaeopleurus","Arremon","Passerellidae"
"Arremon_phygas","Arremon","Passerellidae"
"Arremon_schlegeli","Arremon","Passerellidae"
"Arremon_semitorquatus","Arremon","Passerellidae"
"Arremon_taciturnus","Arremon","Passerellidae"
"Arremon_torquatus","Arremon","Passerellidae"
"Arremon_virenticeps","Arremon","Passerellidae"
"Arremonops_chloronotus","Arremonops","Passerellidae"
"Arremonops_conirostris","Arremonops","Passerellidae"
"Arremonops_rufivirgatus","Arremonops","Passerellidae"
"Arremonops_tocuyensis","Arremonops","Passerellidae"
"Artemisiospiza_belli","Artemisiospiza","Passerellidae"
"Artemisiospiza_nevadensis","Artemisiospiza","Passerellidae"
"Atlapetes_albiceps","Atlapetes","Passerellidae"
"Atlapetes_albinucha","Atlapetes","Passerellidae"
"Atlapetes_albofrenatus","Atlapetes","Passerellidae"
"Atlapetes_canigenis","Atlapetes","Passerellidae"
"Atlapetes_citrinellus","Atlapetes","Passerellidae"
"Atlapetes_flaviceps","Atlapetes","Passerellidae"
"Atlapetes_forbesi","Atlapetes","Passerellidae"
"Atlapetes_fulviceps","Atlapetes","Passerellidae"
"Atlapetes_fuscoolivaceus","Atlapetes","Passerellidae"
"Atlapetes_latinuchus","Atlapetes","Passerellidae"
"Atlapetes_leucopis","Atlapetes","Passerellidae"
"Atlapetes_leucopterus","Atlapetes","Passerellidae"
"Atlapetes_melanocephalus","Atlapetes","Passerellidae"
"Atlapetes_melanopsis","Atlapetes","Passerellidae"
"Atlapetes_nationi","Atlapetes","Passerellidae"
"Atlapetes_pallidiceps","Atlapetes","Passerellidae"
"Atlapetes_pallidinucha","Atlapetes","Passerellidae"
"Atlapetes_personatus","Atlapetes","Passerellidae"
"Atlapetes_pileatus","Atlapetes","Passerellidae"
"Atlapetes_rufigenis","Atlapetes","Passerellidae"
"Atlapetes_rufinucha","Atlapetes","Passerellidae"
"Atlapetes_schistaceus","Atlapetes","Passerellidae"
"Atlapetes_seebohmi","Atlapetes","Passerellidae"
"Atlapetes_semirufus","Atlapetes","Passerellidae"
"Atlapetes_terborghi","Atlapetes","Passerellidae"
"Atlapetes_tricolor","Atlapetes","Passerellidae"
"Bangsia_arcaei","Bangsia","Thraupidae"
"Bangsia_aureocincta","Bangsia","Thraupidae"
"Bangsia_edwardsi","Bangsia","Thraupidae"
"Bangsia_melanochlamys","Bangsia","Thraupidae"
"Bangsia_rothschildi","Bangsia","Thraupidae"
"Basileuterus_belli","Basileuterus","Parulidae"
"Basileuterus_culicivorus","Basileuterus","Parulidae"
"Basileuterus_lachrymosus","Basileuterus","Parulidae"
"Basileuterus_melanogenys","Basileuterus","Parulidae"
"Basileuterus_rufifrons","Basileuterus","Parulidae"
"Basileuterus_trifasciatus","Basileuterus","Parulidae"
"Basileuterus_tristriatus","Basileuterus","Parulidae"
"Buthraupis_montana","Buthraupis","Thraupidae"
"Cacicus_cela","Cacicus","Icteridae"
"Cacicus_chrysonotus","Cacicus","Icteridae"
"Cacicus_chrysopterus","Cacicus","Icteridae"
"Cacicus_haemorrhous","Cacicus","Icteridae"
"Cacicus_koepckeae","Cacicus","Icteridae"
"Cacicus_latirostris","Cacicus","Icteridae"
"Cacicus_oseryi","Cacicus","Icteridae"
"Cacicus_sclateri","Cacicus","Icteridae"
"Cacicus_solitarius","Cacicus","Icteridae"
"Cacicus_uropygialis","Cacicus","Icteridae"
"Calamospiza_melanocorys","Calamospiza","Passerellidae"
"Calcarius_lapponicus","Calcarius","Calcariidae"
"Calcarius_ornatus","Calcarius","Calcariidae"
"Calcarius_pictus","Calcarius","Calcariidae"
"Calochaetes_coccineus","Calochaetes","Thraupidae"
"Calyptophilus_frugivorus","Calyptophilus","Calyptophilidae"
"Cardellina_canadensis","Cardellina","Parulidae"
"Cardellina_pusilla","Cardellina","Parulidae"
"Cardellina_rubra","Cardellina","Parulidae"
"Cardellina_rubrifrons","Cardellina","Parulidae"
"Cardellina_versicolor","Cardellina","Parulidae"
"Cardinalis_cardinalis","Cardinalis","Cardinalidae"
"Cardinalis_phoeniceus","Cardinalis","Cardinalidae"
"Cardinalis_sinuatus","Cardinalis","Cardinalidae"
"Caryothraustes_canadensis","Caryothraustes","Cardinalidae"
"Caryothraustes_poliogaster","Caryothraustes","Cardinalidae"
"Cassiculus_melanicterus","Cassiculus","Icteridae"
"Castanozoster_thoracicus","Castanozoster","Thraupidae"
"Catamblyrhynchus_diadema","Catamblyrhynchus","Thraupidae"
"Catamenia_analis","Catamenia","Thraupidae"
"Catamenia_homochroa","Catamenia","Thraupidae"
"Catamenia_inornata","Catamenia","Thraupidae"
"Catharopeza_bishopi","Catharopeza","Parulidae"
"Certhidea_fusca","Certhidea","Thraupidae"
"Certhidea_olivacea","Certhidea","Thraupidae"
"Charitospiza_eucosma","Charitospiza","Thraupidae"
"Chlorochrysa_calliparaea","Chlorochrysa","Thraupidae"
"Chlorochrysa_nitidissima","Chlorochrysa","Thraupidae"
"Chlorochrysa_phoenicotis","Chlorochrysa","Thraupidae"
"Chlorophanes_spiza","Chlorophanes","Thraupidae"
"Chlorornis_riefferii","Chlorornis","Thraupidae"
"Chlorospingus_canigularis","Chlorospingus","Passerellidae"
"Chlorospingus_flavigularis","Chlorospingus","Passerellidae"
"Chlorospingus_flavopectus","Chlorospingus","Passerellidae"
"Chlorospingus_inornatus","Chlorospingus","Passerellidae"
"Chlorospingus_parvirostris","Chlorospingus","Passerellidae"
"Chlorospingus_pileatus","Chlorospingus","Passerellidae"
"Chlorospingus_semifuscus","Chlorospingus","Passerellidae"
"Chlorospingus_tacarcunae","Chlorospingus","Passerellidae"
"Chondestes_grammacus","Chondestes","Passerellidae"
"Chrysomus_icterocephalus","Chrysomus","Icteridae"
"Chrysomus_ruficapillus","Chrysomus","Icteridae"
"Chrysothlypis_chrysomelas","Chrysothlypis","Thraupidae"
"Chrysothlypis_salmoni","Chrysothlypis","Thraupidae"
"Cissopis_leverianus","Cissopis","Thraupidae"
"Cnemathraupis_aureodorsalis","Cnemathraupis","Thraupidae"
"Cnemathraupis_eximia","Cnemathraupis","Thraupidae"
"Cnemoscopus_rubrirostris","Cnemoscopus","Thraupidae"
"Coereba_flaveola","Coereba","Thraupidae"
"Compsothraupis_loricata","Compsothraupis","Thraupidae"
"Conirostrum_albifrons","Conirostrum","Thraupidae"
"Conirostrum_bicolor","Conirostrum","Thraupidae"
"Conirostrum_binghami","Conirostrum","Thraupidae"
"Conirostrum_cinereum","Conirostrum","Thraupidae"
"Conirostrum_ferrugineiventre","Conirostrum","Thraupidae"
"Conirostrum_leucogenys","Conirostrum","Thraupidae"
"Conirostrum_margaritae","Conirostrum","Thraupidae"
"Conirostrum_rufum","Conirostrum","Thraupidae"
"Conirostrum_sitticolor","Conirostrum","Thraupidae"
"Conirostrum_speciosum","Conirostrum","Thraupidae"
"Conirostrum_tamarugense","Conirostrum","Thraupidae"
"Conothraupis_speculigera","Conothraupis","Thraupidae"
"Coryphaspiza_melanotis","Coryphaspiza","Thraupidae"
"Coryphospingus_cucullatus","Coryphospingus","Thraupidae"
"Coryphospingus_pileatus","Coryphospingus","Thraupidae"
"Creurgops_dentatus","Creurgops","Thraupidae"
"Creurgops_verticalis","Creurgops","Thraupidae"
"Curaeus_curaeus","Curaeus","Icteridae"
"Cyanerpes_caeruleus","Cyanerpes","Thraupidae"
"Cyanerpes_cyaneus","Cyanerpes","Thraupidae"
"Cyanerpes_lucidus","Cyanerpes","Thraupidae"
"Cyanerpes_nitidus","Cyanerpes","Thraupidae"
"Cyanicterus_cyanicterus","Cyanicterus","Thraupidae"
"Cyanocompsa_parellina","Cyanocompsa","Cardinalidae"
"Cyanoloxia_brissonii","Cyanoloxia","Cardinalidae"
"Cyanoloxia_cyanoides","Cyanoloxia","Cardinalidae"
"Cyanoloxia_glaucocaerulea","Cyanoloxia","Cardinalidae"
"Cypsnagra_hirundinacea","Cypsnagra","Thraupidae"
"Dacnis_albiventris","Dacnis","Thraupidae"
"Dacnis_cayana","Dacnis","Thraupidae"
"Dacnis_flaviventer","Dacnis","Thraupidae"
"Dacnis_hartlaubi","Dacnis","Thraupidae"
"Dacnis_lineata","Dacnis","Thraupidae"
"Dacnis_nigripes","Dacnis","Thraupidae"
"Dacnis_venusta","Dacnis","Thraupidae"
"Dacnis_viguieri","Dacnis","Thraupidae"
"Diglossa_albilatera","Diglossa","Thraupidae"
"Diglossa_baritula","Diglossa","Thraupidae"
"Diglossa_brunneiventris","Diglossa","Thraupidae"
"Diglossa_caerulescens","Diglossa","Thraupidae"
"Diglossa_carbonaria","Diglossa","Thraupidae"
"Diglossa_cyanea","Diglossa","Thraupidae"
"Diglossa_duidae","Diglossa","Thraupidae"
"Diglossa_glauca","Diglossa","Thraupidae"
"Diglossa_gloriosa","Diglossa","Thraupidae"
"Diglossa_gloriosissima","Diglossa","Thraupidae"
"Diglossa_humeralis","Diglossa","Thraupidae"
"Diglossa_indigotica","Diglossa","Thraupidae"
"Diglossa_lafresnayii","Diglossa","Thraupidae"
"Diglossa_major","Diglossa","Thraupidae"
"Diglossa_mystacalis","Diglossa","Thraupidae"
"Diglossa_plumbea","Diglossa","Thraupidae"
"Diglossa_sittoides","Diglossa","Thraupidae"
"Diglossa_venezuelensis","Diglossa","Thraupidae"
"Diuca_diuca","Diuca","Thraupidae"
"Dives_dives","Dives","Icteridae"
"Dives_warczewiczi","Dives","Icteridae"
"Dolichonyx_oryzivorus","Dolichonyx","Icteridae"
"Donacospiza_albifrons","Donacospiza","Thraupidae"
"Dubusia_castaneoventris","Dubusia","Thraupidae"
"Dubusia_taeniata","Dubusia","Thraupidae"
"Emberiza_aureola","Emberiza","Emberizidae"
"Emberiza_chrysophrys","Emberiza","Emberizidae"
"Emberiza_elegans","Emberiza","Emberizidae"
"Emberiza_leucocephalos","Emberiza","Emberizidae"
"Emberiza_pallasi","Emberiza","Emberizidae"
"Emberiza_pusilla","Emberiza","Emberizidae"
"Emberiza_rustica","Emberiza","Emberizidae"
"Emberiza_schoeniclus","Emberiza","Emberizidae"
"Emberiza_variabilis","Emberiza","Emberizidae"
"Emberizoides_duidae","Emberizoides","Thraupidae"
"Emberizoides_herbicola","Emberizoides","Thraupidae"
"Emberizoides_ypiranganus","Emberizoides","Thraupidae"
"Embernagra_platensis","Embernagra","Thraupidae"
"Eucometis_penicillata","Eucometis","Thraupidae"
"Euneornis_campestris","Euneornis","Thraupidae"
"Euphagus_carolinus","Euphagus","Icteridae"
"Euphagus_cyanocephalus","Euphagus","Icteridae"
"Geospiza_conirostris","Geospiza","Thraupidae"
"Geospiza_difficilis","Geospiza","Thraupidae"
"Geospiza_fortis","Geospiza","Thraupidae"
"Geospiza_fuliginosa","Geospiza","Thraupidae"
"Geospiza_magnirostris","Geospiza","Thraupidae"
"Geospiza_scandens","Geospiza","Thraupidae"
"Geospizopsis_plebejus","Geospizopsis","Thraupidae"
"Geospizopsis_unicolor","Geospizopsis","Thraupidae"
"Geothlypis_aequinoctialis","Geothlypis","Parulidae"
"Geothlypis_beldingi","Geothlypis","Parulidae"
"Geothlypis_flavovelata","Geothlypis","Parulidae"
"Geothlypis_formosa","Geothlypis","Parulidae"
"Geothlypis_nelsoni","Geothlypis","Parulidae"
"Geothlypis_philadelphia","Geothlypis","Parulidae"
"Geothlypis_poliocephala","Geothlypis","Parulidae"
"Geothlypis_rostrata","Geothlypis","Parulidae"
"Geothlypis_semiflava","Geothlypis","Parulidae"
"Geothlypis_speciosa","Geothlypis","Parulidae"
"Geothlypis_tolmiei","Geothlypis","Parulidae"
"Geothlypis_trichas","Geothlypis","Parulidae"
"Gnorimopsar_chopi","Gnorimopsar","Icteridae"
"Granatellus_pelzelni","Granatellus","Cardinalidae"
"Granatellus_sallaei","Granatellus","Cardinalidae"
"Granatellus_venustus","Granatellus","Cardinalidae"
"Gubernatrix_cristata","Gubernatrix","Thraupidae"
"Gymnomystax_mexicanus","Gymnomystax","Icteridae"
"Habia_atrimaxillaris","Habia","Cardinalidae"
"Habia_fuscicauda","Habia","Cardinalidae"
"Habia_gutturalis","Habia","Cardinalidae"
"Habia_rubica","Habia","Cardinalidae"
"Haplospiza_unicolor","Haplospiza","Thraupidae"
"Helmitheros_vermivorum","Helmitheros","Parulidae"
"Hemithraupis_flavicollis","Hemithraupis","Thraupidae"
"Hemithraupis_guira","Hemithraupis","Thraupidae"
"Hemithraupis_ruficapilla","Hemithraupis","Thraupidae"
"Heterospingus_rubrifrons","Heterospingus","Thraupidae"
"Heterospingus_xanthopygius","Heterospingus","Thraupidae"
"Hypopyrrhus_pyrohypogaster","Hypopyrrhus","Icteridae"
"Icteria_virens","Icteria","Icteriidae"
"Icterus_abeillei","Icterus","Icteridae"
"Icterus_auratus","Icterus","Icteridae"
"Icterus_auricapillus","Icterus","Icteridae"
"Icterus_bonana","Icterus","Icteridae"
"Icterus_cayanensis","Icterus","Icteridae"
"Icterus_chrysater","Icterus","Icteridae"
"Icterus_croconotus","Icterus","Icteridae"
"Icterus_cucullatus","Icterus","Icteridae"
"Icterus_dominicensis","Icterus","Icteridae"
"Icterus_galbula","Icterus","Icteridae"
"Icterus_graceannae","Icterus","Icteridae"
"Icterus_graduacauda","Icterus","Icteridae"
"Icterus_gularis","Icterus","Icteridae"
"Icterus_icterus","Icterus","Icteridae"
"Icterus_jamacaii","Icterus","Icteridae"
"Icterus_laudabilis","Icterus","Icteridae"
"Icterus_leucopteryx","Icterus","Icteridae"
"Icterus_maculialatus","Icterus","Icteridae"
"Icterus_melanopsis","Icterus","Icteridae"
"Icterus_mesomelas","Icterus","Icteridae"
"Icterus_nigrogularis","Icterus","Icteridae"
"Icterus_northropi","Icterus","Icteridae"
"Icterus_oberi","Icterus","Icteridae"
"Icterus_parisorum","Icterus","Icteridae"
"Icterus_pectoralis","Icterus","Icteridae"
"Icterus_portoricensis","Icterus","Icteridae"
"Icterus_prosthemelas","Icterus","Icteridae"
"Icterus_pustulatus","Icterus","Icteridae"
"Icterus_spurius","Icterus","Icteridae"
"Icterus_wagleri","Icterus","Icteridae"
"Idiopsar_brachyurus","Idiopsar","Thraupidae"
"Incaspiza_ortizi","Incaspiza","Thraupidae"
"Incaspiza_personata","Incaspiza","Thraupidae"
"Incaspiza_pulchra","Incaspiza","Thraupidae"
"Iridophanes_pulcherrimus","Iridophanes","Thraupidae"
"Iridosornis_analis","Iridosornis","Thraupidae"
"Iridosornis_jelskii","Iridosornis","Thraupidae"
"Iridosornis_porphyrocephalus","Iridosornis","Thraupidae"
"Iridosornis_reinhardti","Iridosornis","Thraupidae"
"Iridosornis_rufivertex","Iridosornis","Thraupidae"
"Junco_hyemalis","Junco","Passerellidae"
"Junco_insularis","Junco","Passerellidae"
"Junco_phaeonotus","Junco","Passerellidae"
"Junco_vulcani","Junco","Passerellidae"
"Kleinothraupis_atropileus","Kleinothraupis","Thraupidae"
"Kleinothraupis_calophrys","Kleinothraupis","Thraupidae"
"Kleinothraupis_parodii","Kleinothraupis","Thraupidae"
"Kleinothraupis_reyi","Kleinothraupis","Thraupidae"
"Lampropsar_tanagrinus","Lampropsar","Icteridae"
"Lamprospiza_melanoleuca","Lamprospiza","Thraupidae"
"Lanio_aurantius","Lanio","Thraupidae"
"Lanio_fulvus","Lanio","Thraupidae"
"Lanio_leucothorax","Lanio","Thraupidae"
"Lanio_versicolor","Lanio","Thraupidae"
"Leistes_defilippii","Leistes","Icteridae"
"Leistes_loyca","Leistes","Icteridae"
"Leistes_militaris","Leistes","Icteridae"
"Leistes_superciliaris","Leistes","Icteridae"
"Leucopeza_semperi","Leucopeza","Parulidae"
"Limnothlypis_swainsonii","Limnothlypis","Parulidae"
"Lophospingus_griseocristatus","Lophospingus","Thraupidae"
"Lophospingus_pusillus","Lophospingus","Thraupidae"
"Loxigilla_barbadensis","Loxigilla","Thraupidae"
"Loxigilla_noctis","Loxigilla","Thraupidae"
"Loxipasser_anoxanthus","Loxipasser","Thraupidae"
"Macroagelaius_imthurni","Macroagelaius","Icteridae"
"Macroagelaius_subalaris","Macroagelaius","Icteridae"
"Melanodera_melanodera","Melanodera","Thraupidae"
"Melanodera_xanthogramma","Melanodera","Thraupidae"
"Melanospiza_richardsoni","Melanospiza","Thraupidae"
"Melospiza_georgiana","Melospiza","Passerellidae"
"Melospiza_lincolnii","Melospiza","Passerellidae"
"Melospiza_melodia","Melospiza","Passerellidae"
"Melozone_aberti","Melozone","Passerellidae"
"Melozone_albicollis","Melozone","Passerellidae"
"Melozone_biarcuata","Melozone","Passerellidae"
"Melozone_crissalis","Melozone","Passerellidae"
"Melozone_fusca","Melozone","Passerellidae"
"Melozone_kieneri","Melozone","Passerellidae"
"Melozone_leucotis","Melozone","Passerellidae"
"Microligea_palustris","Microligea","Phaenicophilidae"
"Microspingus_alticola","Microspingus","Thraupidae"
"Microspingus_cabanisi","Microspingus","Thraupidae"
"Microspingus_cinereus","Microspingus","Thraupidae"
"Microspingus_erythrophrys","Microspingus","Thraupidae"
"Microspingus_melanoleucus","Microspingus","Thraupidae"
"Microspingus_torquatus","Microspingus","Thraupidae"
"Microspingus_trifasciatus","Microspingus","Thraupidae"
"Mitrospingus_oleagineus","Mitrospingus","Mitrospingidae"
"Mniotilta_varia","Mniotilta","Parulidae"
"Molothrus_aeneus","Molothrus","Icteridae"
"Molothrus_ater","Molothrus","Icteridae"
"Molothrus_bonariensis","Molothrus","Icteridae"
"Molothrus_oryzivorus","Molothrus","Icteridae"
"Molothrus_rufoaxillaris","Molothrus","Icteridae"
"Myioborus_albifacies","Myioborus","Parulidae"
"Myioborus_albifrons","Myioborus","Parulidae"
"Myioborus_brunniceps","Myioborus","Parulidae"
"Myioborus_cardonai","Myioborus","Parulidae"
"Myioborus_castaneocapilla","Myioborus","Parulidae"
"Myioborus_flavivertex","Myioborus","Parulidae"
"Myioborus_melanocephalus","Myioborus","Parulidae"
"Myioborus_miniatus","Myioborus","Parulidae"
"Myioborus_ornatus","Myioborus","Parulidae"
"Myioborus_pariae","Myioborus","Parulidae"
"Myioborus_pictus","Myioborus","Parulidae"
"Myioborus_torquatus","Myioborus","Parulidae"
"Myiothlypis_bivittata","Myiothlypis ","Parulidae"
"Myiothlypis_chrysogaster","Myiothlypis ","Parulidae"
"Myiothlypis_cinereicollis","Myiothlypis ","Parulidae"
"Myiothlypis_conspicillata","Myiothlypis ","Parulidae"
"Myiothlypis_coronata","Myiothlypis ","Parulidae"
"Myiothlypis_flaveola","Myiothlypis ","Parulidae"
"Myiothlypis_fraseri","Myiothlypis ","Parulidae"
"Myiothlypis_fulvicauda","Myiothlypis ","Parulidae"
"Myiothlypis_leucoblephara","Myiothlypis ","Parulidae"
"Myiothlypis_leucophrys","Myiothlypis ","Parulidae"
"Myiothlypis_luteoviridis","Myiothlypis ","Parulidae"
"Myiothlypis_rivularis","Myiothlypis ","Parulidae"
"Myiothlypis_signata","Myiothlypis ","Parulidae"
"Nemosia_pileata","Nemosia","Thraupidae"
"Neothraupis_fasciata","Neothraupis","Thraupidae"
"Nephelornis_oneilli","Nephelornis","Thraupidae"
"Nesopsar_nigerrimus","Nesopsar","Icteridae"
"Nesospingus_speculiferus","Nesospingus","Nesospingidae"
"Oporornis_agilis","Oporornis","Parulidae"
"Orchesticus_abeillei","Orchesticus","Thraupidae"
"Oreopsar_bolivianus","Oreopsar","Icteridae"
"Oreothlypis_gutturalis","Oreothlypis","Parulidae"
"Oreothlypis_superciliosa","Oreothlypis","Parulidae"
"Oreothraupis_arremonops","Oreothraupis","Passerellidae"
"Oriturus_superciliosus","Oriturus","Passerellidae"
"Orthogonys_chloricterus","Orthogonys","Thraupidae"
"Parkerthraustes_humeralis","Parkerthraustes","Thraupidae"
"Parkesia_motacilla","Parkesia","Parulidae"
"Parkesia_noveboracensis","Parkesia","Parulidae"
"Paroaria_baeri","Paroaria","Thraupidae"
"Paroaria_capitata","Paroaria","Thraupidae"
"Paroaria_coronata","Paroaria","Thraupidae"
"Paroaria_dominicana","Paroaria","Thraupidae"
"Paroaria_gularis","Paroaria","Thraupidae"
"Passerculus_sandwichensis","Passerculus","Passerellidae"
"Passerella_iliaca","Passerella","Passerellidae"
"Passerina_amoena","Passerina","Cardinalidae"
"Passerina_caerulea","Passerina","Cardinalidae"
"Passerina_ciris","Passerina","Cardinalidae"
"Passerina_cyanea","Passerina","Cardinalidae"
"Passerina_leclancherii","Passerina","Cardinalidae"
"Passerina_rositae","Passerina","Cardinalidae"
"Passerina_versicolor","Passerina","Cardinalidae"
"Peucaea_aestivalis","Peucaea","Passerellidae"
"Peucaea_botterii","Peucaea","Passerellidae"
"Peucaea_carpalis","Peucaea","Passerellidae"
"Peucaea_cassinii","Peucaea","Passerellidae"
"Peucaea_humeralis","Peucaea","Passerellidae"
"Peucaea_mystacalis","Peucaea","Passerellidae"
"Peucaea_ruficauda","Peucaea","Passerellidae"
"Peucaea_sumichrasti","Peucaea","Passerellidae"
"Pezopetes_capitalis","Pezopetes","Passerellidae"
"Phaenicophilus_palmarum","Phaenicophilus","Phaenicophilidae"
"Pheucticus_aureoventris","Pheucticus","Cardinalidae"
"Pheucticus_chrysogaster","Pheucticus","Cardinalidae"
"Pheucticus_ludovicianus","Pheucticus","Cardinalidae"
"Pheucticus_melanocephalus","Pheucticus","Cardinalidae"
"Pheucticus_tibialis","Pheucticus","Cardinalidae"
"Phrygilus_atriceps","Phrygilus","Thraupidae"
"Phrygilus_gayi","Phrygilus","Thraupidae"
"Phrygilus_patagonicus","Phrygilus","Thraupidae"
"Phrygilus_punensis","Phrygilus","Thraupidae"
"Piezorina_cinerea","Piezorina","Thraupidae"
"Pinaroloxias_inornata","Pinaroloxias","Thraupidae"
"Pipilo_chlorurus","Pipilo","Passerellidae"
"Pipilo_erythrophthalmus","Pipilo","Passerellidae"
"Pipilo_maculatus","Pipilo","Passerellidae"
"Pipilo_ocai","Pipilo","Passerellidae"
"Pipraeidea_bonariensis","Pipraeidea","Thraupidae"
"Pipraeidea_melanonota","Pipraeidea","Thraupidae"
"Piranga_bidentata","Piranga","Cardinalidae"
"Piranga_erythrocephala","Piranga","Cardinalidae"
"Piranga_flava","Piranga","Cardinalidae"
"Piranga_leucoptera","Piranga","Cardinalidae"
"Piranga_ludoviciana","Piranga","Cardinalidae"
"Piranga_olivacea","Piranga","Cardinalidae"
"Piranga_roseogularis","Piranga","Cardinalidae"
"Piranga_rubra","Piranga","Cardinalidae"
"Piranga_rubriceps","Piranga","Cardinalidae"
"Platyspiza_crassirostris","Platyspiza","Thraupidae"
"Plectrophenax_hyperboreus","Plectrophenax","Calcariidae"
"Plectrophenax_nivalis","Plectrophenax","Calcariidae"
"Pooecetes_gramineus","Pooecetes","Passerellidae"
"Poospiza_baeri","Poospiza","Thraupidae"
"Poospiza_boliviana","Poospiza","Thraupidae"
"Poospiza_garleppi","Poospiza","Thraupidae"
"Poospiza_goeringi","Poospiza","Thraupidae"
"Poospiza_hispaniolensis","Poospiza","Thraupidae"
"Poospiza_nigrorufa","Poospiza","Thraupidae"
"Poospiza_ornata","Poospiza","Thraupidae"
"Poospiza_rubecula","Poospiza","Thraupidae"
"Poospiza_rufosuperciliaris","Poospiza","Thraupidae"
"Poospiza_whitii","Poospiza","Thraupidae"
"Porphyrospiza_caerulescens","Porphyrospiza","Thraupidae"
"Protonotaria_citrea","Protonotaria","Parulidae"
"Psarocolius_angustifrons","Psarocolius","Icteridae"
"Psarocolius_atrovirens","Psarocolius","Icteridae"
"Psarocolius_bifasciatus","Psarocolius","Icteridae"
"Psarocolius_cassini","Psarocolius","Icteridae"
"Psarocolius_decumanus","Psarocolius","Icteridae"
"Psarocolius_guatimozinus","Psarocolius","Icteridae"
"Psarocolius_montezuma","Psarocolius","Icteridae"
"Psarocolius_viridis","Psarocolius","Icteridae"
"Psarocolius_wagleri","Psarocolius","Icteridae"
"Pseudoleistes_guirahuro","Pseudoleistes","Icteridae"
"Pseudoleistes_virescens","Pseudoleistes","Icteridae"
"Pseudosaltator_rufiventris","Pseudosaltator","Thraupidae"
"Pseudospingus_verticalis","Pseudospingus","Thraupidae"
"Pseudospingus_xanthophthalmus","Pseudospingus","Thraupidae"
"Ptiloxena_atroviolacea","Ptiloxena","Icteridae"
"Quiscalus_lugubris","Quiscalus","Icteridae"
"Quiscalus_major","Quiscalus","Icteridae"
"Quiscalus_mexicanus","Quiscalus","Icteridae"
"Quiscalus_nicaraguensis","Quiscalus","Icteridae"
"Quiscalus_niger","Quiscalus","Icteridae"
"Quiscalus_palustris","Quiscalus","Icteridae"
"Quiscalus_quiscula","Quiscalus","Icteridae"
"Ramphocelus_bresilius","Ramphocelus","Thraupidae"
"Ramphocelus_carbo","Ramphocelus","Thraupidae"
"Ramphocelus_dimidiatus","Ramphocelus","Thraupidae"
"Ramphocelus_flammigerus","Ramphocelus","Thraupidae"
"Ramphocelus_melanogaster","Ramphocelus","Thraupidae"
"Ramphocelus_nigrogularis","Ramphocelus","Thraupidae"
"Ramphocelus_passerinii","Ramphocelus","Thraupidae"
"Ramphocelus_sanguinolentus","Ramphocelus","Thraupidae"
"Rhodinocichla_rosea","Rhodinocichla","Rhodinocichlidae"
"Rhodospingus_cruentus","Rhodospingus","Thraupidae"
"Rhynchophanes_mccownii","Rhynchophanes","Calcariidae"
"Rhynchospiza_stolzmanni","Rhynchospiza","Passerellidae"
"Rhynchospiza_strigiceps","Rhynchospiza","Passerellidae"
"Saltator_albicollis","Saltator","Thraupidae"
"Saltator_atriceps","Saltator","Thraupidae"
"Saltator_atripennis","Saltator","Thraupidae"
"Saltator_aurantiirostris","Saltator","Thraupidae"
"Saltator_cinctus","Saltator","Thraupidae"
"Saltator_coerulescens","Saltator","Thraupidae"
"Saltator_fuliginosus","Saltator","Thraupidae"
"Saltator_grossus","Saltator","Thraupidae"
"Saltator_maxillosus","Saltator","Thraupidae"
"Saltator_maximus","Saltator","Thraupidae"
"Saltator_nigriceps","Saltator","Thraupidae"
"Saltator_orenocensis","Saltator","Thraupidae"
"Saltator_similis","Saltator","Thraupidae"
"Saltator_striatipectus","Saltator","Thraupidae"
"Schistochlamys_melanopis","Schistochlamys","Thraupidae"
"Schistochlamys_ruficapillus","Schistochlamys","Thraupidae"
"Seiurus_aurocapilla","Seiurus","Parulidae"
"Sericossypha_albocristata","Sericossypha","Thraupidae"
"Setophaga_adelaidae","Setophaga","Parulidae"
"Setophaga_americana","Setophaga","Parulidae"
"Setophaga_angelae","Setophaga","Parulidae"
"Setophaga_caerulescens","Setophaga","Parulidae"
"Setophaga_castanea","Setophaga","Parulidae"
"Setophaga_cerulea","Setophaga","Parulidae"
"Setophaga_chrysoparia","Setophaga","Parulidae"
"Setophaga_citrina","Setophaga","Parulidae"
"Setophaga_coronata","Setophaga","Parulidae"
"Setophaga_delicata","Setophaga","Parulidae"
"Setophaga_discolor","Setophaga","Parulidae"
"Setophaga_dominica","Setophaga","Parulidae"
"Setophaga_fusca","Setophaga","Parulidae"
"Setophaga_graciae","Setophaga","Parulidae"
"Setophaga_kirtlandii","Setophaga","Parulidae"
"Setophaga_magnolia","Setophaga","Parulidae"
"Setophaga_nigrescens","Setophaga","Parulidae"
"Setophaga_occidentalis","Setophaga","Parulidae"
"Setophaga_palmarum","Setophaga","Parulidae"
"Setophaga_pensylvanica","Setophaga","Parulidae"
"Setophaga_petechia","Setophaga","Parulidae"
"Setophaga_pharetra","Setophaga","Parulidae"
"Setophaga_pinus","Setophaga","Parulidae"
"Setophaga_pitiayumi","Setophaga","Parulidae"
"Setophaga_pityophila","Setophaga","Parulidae"
"Setophaga_plumbea","Setophaga","Parulidae"
"Setophaga_ruticilla","Setophaga","Parulidae"
"Setophaga_striata","Setophaga","Parulidae"
"Setophaga_subita","Setophaga","Parulidae"
"Setophaga_tigrina","Setophaga","Parulidae"
"Setophaga_townsendi","Setophaga","Parulidae"
"Setophaga_virens","Setophaga","Parulidae"
"Setophaga_vitellina","Setophaga","Parulidae"
"Sicalis_auriventris","Sicalis","Thraupidae"
"Sicalis_citrina","Sicalis","Thraupidae"
"Sicalis_columbiana","Sicalis","Thraupidae"
"Sicalis_flaveola","Sicalis","Thraupidae"
"Sicalis_lebruni","Sicalis","Thraupidae"
"Sicalis_lutea","Sicalis","Thraupidae"
"Sicalis_luteocephala","Sicalis","Thraupidae"
"Sicalis_luteola","Sicalis","Thraupidae"
"Sicalis_olivascens","Sicalis","Thraupidae"
"Sicalis_raimondii","Sicalis","Thraupidae"
"Sicalis_taczanowskii","Sicalis","Thraupidae"
"Sphenopsis_frontalis","Sphenopsis","Thraupidae"
"Sphenopsis_melanotis","Sphenopsis","Thraupidae"
"Spindalis_zena","Spindalis","Spindalidae"
"Spiza_americana","Spiza","Cardinalidae"
"Spizella_atrogularis","Spizella","Passerellidae"
"Spizella_breweri","Spizella","Passerellidae"
"Spizella_pallida","Spizella","Passerellidae"
"Spizella_passerina","Spizella","Passerellidae"
"Spizella_pusilla","Spizella","Passerellidae"
"Spizella_wortheni","Spizella","Passerellidae"
"Sporophila_albogularis","Sporophila","Thraupidae"
"Sporophila_angolensis","Sporophila","Thraupidae"
"Sporophila_atrirostris","Sporophila","Thraupidae"
"Sporophila_bouvreuil","Sporophila","Thraupidae"
"Sporophila_caerulescens","Sporophila","Thraupidae"
"Sporophila_castaneiventris","Sporophila","Thraupidae"
"Sporophila_cinnamomea","Sporophila","Thraupidae"
"Sporophila_collaris","Sporophila","Thraupidae"
"Sporophila_corvina","Sporophila","Thraupidae"
"Sporophila_crassirostris","Sporophila","Thraupidae"
"Sporophila_falcirostris","Sporophila","Thraupidae"
"Sporophila_fringilloides","Sporophila","Thraupidae"
"Sporophila_frontalis","Sporophila","Thraupidae"
"Sporophila_funerea","Sporophila","Thraupidae"
"Sporophila_hypochroma","Sporophila","Thraupidae"
"Sporophila_hypoxantha","Sporophila","Thraupidae"
"Sporophila_intermedia","Sporophila","Thraupidae"
"Sporophila_leucoptera","Sporophila","Thraupidae"
"Sporophila_lineola","Sporophila","Thraupidae"
"Sporophila_luctuosa","Sporophila","Thraupidae"
"Sporophila_maximiliani","Sporophila","Thraupidae"
"Sporophila_melanogaster","Sporophila","Thraupidae"
"Sporophila_minuta","Sporophila","Thraupidae"
"Sporophila_nigricollis","Sporophila","Thraupidae"
"Sporophila_nuttingi","Sporophila","Thraupidae"
"Sporophila_palustris","Sporophila","Thraupidae"
"Sporophila_peruviana","Sporophila","Thraupidae"
"Sporophila_plumbea","Sporophila","Thraupidae"
"Sporophila_ruficollis","Sporophila","Thraupidae"
"Sporophila_schistacea","Sporophila","Thraupidae"
"Sporophila_simplex","Sporophila","Thraupidae"
"Sporophila_telasco","Sporophila","Thraupidae"
"Sporophila_torqueola","Sporophila","Thraupidae"
"Stephanophorus_diadematus","Stephanophorus","Thraupidae"
"Sturnella_magna","Sturnella","Icteridae"
"Sturnella_neglecta","Sturnella","Icteridae"
"Tachyphonus_coronatus","Tachyphonus","Thraupidae"
"Tachyphonus_phoenicius","Tachyphonus","Thraupidae"
"Tachyphonus_rufus","Tachyphonus","Thraupidae"
"Tangara_arthus","Tangara","Thraupidae"
"Tangara_callophrys","Tangara","Thraupidae"
"Tangara_chilensis","Tangara","Thraupidae"
"Tangara_chrysotis","Tangara","Thraupidae"
"Tangara_cyanocephala","Tangara","Thraupidae"
"Tangara_cyanotis","Tangara","Thraupidae"
"Tangara_cyanoventris","Tangara","Thraupidae"
"Tangara_desmaresti","Tangara","Thraupidae"
"Tangara_dowii","Tangara","Thraupidae"
"Tangara_fastuosa","Tangara","Thraupidae"
"Tangara_florida","Tangara","Thraupidae"
"Tangara_fucosa","Tangara","Thraupidae"
"Tangara_gyrola","Tangara","Thraupidae"
"Tangara_icterocephala","Tangara","Thraupidae"
"Tangara_inornata","Tangara","Thraupidae"
"Tangara_johannae","Tangara","Thraupidae"
"Tangara_labradorides","Tangara","Thraupidae"
"Tangara_lavinia","Tangara","Thraupidae"
"Tangara_mexicana","Tangara","Thraupidae"
"Tangara_nigroviridis","Tangara","Thraupidae"
"Tangara_parzudakii","Tangara","Thraupidae"
"Tangara_rufigenis","Tangara","Thraupidae"
"Tangara_schrankii","Tangara","Thraupidae"
"Tangara_seledon","Tangara","Thraupidae"
"Tangara_vassorii","Tangara","Thraupidae"
"Tangara_velia","Tangara","Thraupidae"
"Tangara_xanthocephala","Tangara","Thraupidae"
"Teretistris_fernandinae","Teretistris","Teretistridae"
"Tersina_viridis","Tersina","Thraupidae"
"Thlypopsis_fulviceps","Thlypopsis","Thraupidae"
"Thlypopsis_inornata","Thlypopsis","Thraupidae"
"Thlypopsis_ornata","Thlypopsis","Thraupidae"
"Thlypopsis_pectoralis","Thlypopsis","Thraupidae"
"Thlypopsis_pyrrhocoma","Thlypopsis","Thraupidae"
"Thlypopsis_ruficeps","Thlypopsis","Thraupidae"
"Thlypopsis_sordida","Thlypopsis","Thraupidae"
"Tiaris_olivaceus","Tiaris","Thraupidae"
"Torreornis_inexpectata","Torreornis","Passerellidae"
"Trichothraupis_melanops","Trichothraupis","Thraupidae"
"Urothraupis_stolzmanni","Urothraupis","Thraupidae"
"Vermivora_bachmanii","Vermivora","Parulidae"
"Vermivora_chrysoptera","Vermivora","Parulidae"
"Vermivora_cyanoptera","Vermivora","Parulidae"
"Volatinia_jacarina","Volatinia","Thraupidae"
"Wetmorethraupis_sterrhopteron","Wetmorethraupis","Thraupidae"
"Xanthocephalus_xanthocephalus","Xanthocephalus","Icteridae"
"Xanthopsar_flavus","Xanthopsar","Icteridae"
"Xenodacnis_parina","Xenodacnis","Thraupidae"
"Xenoligea_montana","Xenoligea","Phaenicophilidae"
"Xenospingus_concolor","Xenospingus","Thraupidae"
"Xenospiza_baileyi","Xenospiza","Passerellidae"
"Zeledonia_coronata","Zeledonia","Zeledoniidae"
"Zonotrichia_albicollis","Zonotrichia","Passerellidae"
"Zonotrichia_atricapilla","Zonotrichia","Passerellidae"
"Zonotrichia_capensis","Zonotrichia","Passerellidae"
"Zonotrichia_leucophrys","Zonotrichia","Passerellidae"
"Zonotrichia_querula","Zonotrichia","Passerellidae"
"Rowettia_goughensis","Rowettia","Thraupidae"
"Emberiza_cia","Emberiza","Emberizidae"
"Emberiza_godlewskii","Emberiza","Emberizidae"
"Emberiza_cioides","Emberiza","Emberizidae"
"Emberiza_jankowskii","Emberiza","Emberizidae"
"Emberiza_hortulana","Emberiza","Emberizidae"
"Emberiza_caesia","Emberiza","Emberizidae"
"Emberiza_buchanani","Emberiza","Emberizidae"
"Emberiza_stewarti","Emberiza","Emberizidae"
"Emberiza_citrinella","Emberiza","Emberizidae"
"Emberiza_cirlus","Emberiza","Emberizidae"
"Emberiza_fucata","Emberiza","Emberizidae"
"Emberiza_calandra","Emberiza","Emberizidae"
"Emberiza_bruniceps","Emberiza","Emberizidae"
"Emberiza_melanocephala","Emberiza","Emberizidae"
"Emberiza_lathami","Emberiza","Emberizidae"
"Emberiza_impetuani","Emberiza","Emberizidae"
"Emberiza_tahapisi","Emberiza","Emberizidae"
"Emberiza_striolata","Emberiza","Emberizidae"
"Emberiza_capensis","Emberiza","Emberizidae"
"Emberiza_cabanisi","Emberiza","Emberizidae"
"Emberiza_flaviventris","Emberiza","Emberizidae"
"Emberiza_rutila","Emberiza","Emberizidae"
"Emberiza_tristrami","Emberiza","Emberizidae"
"Emberiza_spodocephala","Emberiza","Emberizidae"
"Emberiza_sulphurata","Emberiza","Emberizidae"
"Emberiza_yessoensis","Emberiza","Emberizidae"
"Emberiza_siemsseni","Emberiza","Emberizidae"
"Nesospiza_wilkinsi","Nesospiza","Thraupidae"
"Nesospiza_acunhae","Nesospiza","Thraupidae"
